<?xml version="1.0" encoding="UTF-8"?>
<project-private xmlns="http://www.netbeans.org/ns/project-private/1">
    <editor-bookmarks xmlns="http://www.netbeans.org/ns/editor-bookmarks/2" lastBookmarkId="0"/>
    <open-files xmlns="http://www.netbeans.org/ns/projectui-open-files/2">
        <group>
            <file>file:/C:/Users/Adam/Documents/NetBeansProjects/Hospital%20Management%20System/src/DoctorRecord.java</file>
            <file>file:/C:/Users/Adam/Documents/NetBeansProjects/Hospital%20Management%20System/src/MainMenu.java</file>
            <file>file:/C:/Users/Adam/Documents/NetBeansProjects/Hospital%20Management%20System/src/PatientRegistrationRecord.java</file>
            <file>file:/C:/Users/Adam/Documents/NetBeansProjects/Hospital%20Management%20System/src/ChangePassword.java</file>
            <file>file:/C:/Users/Adam/Documents/NetBeansProjects/Hospital%20Management%20System/src/LoginDetails.java</file>
            <file>file:/C:/Users/Adam/Documents/NetBeansProjects/Hospital%20Management%20System/src/Login.java</file>
            <file>file:/C:/Users/Adam/Documents/NetBeansProjects/Hospital%20Management%20System/src/rs.jpg</file>
            <file>file:/C:/Users/Adam/Documents/NetBeansProjects/Hospital%20Management%20System/src/PatientRegistration.java</file>
            <file>file:/C:/Users/Adam/Documents/NetBeansProjects/Hospital%20Management%20System/src/administrasi.png</file>
            <file>file:/C:/Users/Adam/Documents/NetBeansProjects/Hospital%20Management%20System/src/UsersRegistration.java</file>
            <file>file:/C:/Users/Adam/Documents/NetBeansProjects/Hospital%20Management%20System/src/UsersRegistrationRecord.java</file>
            <file>file:/C:/Users/Adam/Documents/NetBeansProjects/Hospital%20Management%20System/src/Doctor.java</file>
            <file>file:/C:/Users/Adam/Documents/NetBeansProjects/Hospital%20Management%20System/src/Connect.java</file>
            <file>file:/C:/Users/Adam/Documents/NetBeansProjects/Hospital%20Management%20System/src/About.java</file>
        </group>
    </open-files>
</project-private>
